BusinessEntityID,QuotaDate,SalesQuota
274,2011-05-31 00:00:00,28000
274,2011-08-31 00:00:00,7000
274,2011-12-01 00:00:00,91000
274,2012-02-29 00:00:00,140000
274,2012-05-30 00:00:00,70000
274,2012-08-30 00:00:00,154000
274,2012-11-30 00:00:00,107000
274,2013-02-28 00:00:00,58000
274,2013-05-30 00:00:00,263000
274,2013-08-30 00:00:00,116000
274,2013-11-30 00:00:00,84000
274,2014-03-01 00:00:00,187000
275,2011-05-31 00:00:00,367000
275,2011-08-31 00:00:00,556000
275,2011-12-01 00:00:00,502000
275,2012-02-29 00:00:00,550000
275,2012-05-30 00:00:00,1429000
275,2012-08-30 00:00:00,1324000
275,2012-11-30 00:00:00,729000
275,2013-02-28 00:00:00,1194000
275,2013-05-30 00:00:00,1575000
275,2013-08-30 00:00:00,1218000
275,2013-11-30 00:00:00,849000
275,2014-03-01 00:00:00,869000
276,2011-05-31 00:00:00,637000
276,2011-08-31 00:00:00,781000
276,2011-12-01 00:00:00,665000
276,2012-02-29 00:00:00,639000
276,2012-05-30 00:00:00,1355000
276,2012-08-30 00:00:00,1009000
276,2012-11-30 00:00:00,860000
276,2013-02-28 00:00:00,1021000
276,2013-05-30 00:00:00,1525000
276,2013-08-30 00:00:00,1276000
276,2013-11-30 00:00:00,894000
276,2014-03-01 00:00:00,1124000
277,2011-05-31 00:00:00,565000
277,2011-08-31 00:00:00,872000
277,2011-12-01 00:00:00,846000
277,2012-02-29 00:00:00,952000
277,2012-05-30 00:00:00,1600000
277,2012-08-30 00:00:00,1352000
277,2012-11-30 00:00:00,839000
277,2013-02-28 00:00:00,1369000
277,2013-05-30 00:00:00,1171000
277,2013-08-30 00:00:00,971000
277,2013-11-30 00:00:00,714000
277,2014-03-01 00:00:00,947000
278,2011-05-31 00:00:00,244000
278,2011-08-31 00:00:00,356000
278,2011-12-01 00:00:00,266000
278,2012-02-29 00:00:00,341000
278,2012-05-30 00:00:00,542000
278,2012-08-30 00:00:00,329000
278,2012-11-30 00:00:00,239000
278,2013-02-28 00:00:00,418000
278,2013-05-30 00:00:00,507000
278,2013-08-30 00:00:00,453000
278,2013-11-30 00:00:00,280000
278,2014-03-01 00:00:00,390000
279,2011-05-31 00:00:00,669000
279,2011-08-31 00:00:00,917000
279,2011-12-01 00:00:00,780000
279,2012-02-29 00:00:00,802000
279,2012-05-30 00:00:00,734000
279,2012-08-30 00:00:00,647000
279,2012-11-30 00:00:00,571000
279,2013-02-28 00:00:00,572000
279,2013-05-30 00:00:00,950000
279,2013-08-30 00:00:00,675000
279,2013-11-30 00:00:00,538000
279,2014-03-01 00:00:00,686000
280,2011-05-31 00:00:00,165000
280,2011-08-31 00:00:00,469000
280,2011-12-01 00:00:00,264000
280,2012-02-29 00:00:00,301000
280,2012-05-30 00:00:00,210000
280,2012-08-30 00:00:00,226000
280,2012-11-30 00:00:00,190000
280,2013-02-28 00:00:00,224000
280,2013-05-30 00:00:00,319000
280,2013-08-30 00:00:00,450000
280,2013-11-30 00:00:00,343000
280,2014-03-01 00:00:00,390000
281,2011-05-31 00:00:00,460000
281,2011-08-31 00:00:00,549000
281,2011-12-01 00:00:00,473000
281,2012-02-29 00:00:00,493000
281,2012-05-30 00:00:00,1034000
281,2012-08-30 00:00:00,813000
281,2012-11-30 00:00:00,470000
281,2013-02-28 00:00:00,555000
281,2013-05-30 00:00:00,935000
281,2013-08-30 00:00:00,684000
281,2013-11-30 00:00:00,614000
281,2014-03-01 00:00:00,724000
282,2011-05-31 00:00:00,525000
282,2011-08-31 00:00:00,767000
282,2011-12-01 00:00:00,583000
282,2012-02-29 00:00:00,583000
282,2012-05-30 00:00:00,496000
282,2012-08-30 00:00:00,452000
282,2012-11-30 00:00:00,288000
282,2013-02-28 00:00:00,247000
282,2013-05-30 00:00:00,1051000
282,2013-08-30 00:00:00,707000
282,2013-11-30 00:00:00,569000
282,2014-03-01 00:00:00,830000
283,2011-05-31 00:00:00,226000
283,2011-08-31 00:00:00,353000
283,2011-12-01 00:00:00,280000
283,2012-02-29 00:00:00,267000
283,2012-05-30 00:00:00,483000
283,2012-08-30 00:00:00,341000
283,2012-11-30 00:00:00,151000
283,2013-02-28 00:00:00,284000
283,2013-05-30 00:00:00,631000
283,2013-08-30 00:00:00,372000
283,2013-11-30 00:00:00,234000
283,2014-03-01 00:00:00,403000
284,2012-08-30 00:00:00,321000
284,2012-11-30 00:00:00,281000
284,2013-02-28 00:00:00,304000
284,2013-05-30 00:00:00,516000
284,2013-08-30 00:00:00,380000
284,2013-11-30 00:00:00,454000
284,2014-03-01 00:00:00,497000
285,2013-05-30 00:00:00,132000
285,2013-08-30 00:00:00,40000
285,2013-11-30 00:00:00,7000
285,2014-03-01 00:00:00,26000
286,2013-05-30 00:00:00,478000
286,2013-08-30 00:00:00,389000
286,2013-11-30 00:00:00,399000
286,2014-03-01 00:00:00,421000
287,2012-05-30 00:00:00,93000
287,2012-08-30 00:00:00,15000
287,2012-11-30 00:00:00,33000
287,2013-02-28 00:00:00,110000
287,2013-05-30 00:00:00,184000
287,2013-08-30 00:00:00,324000
287,2013-11-30 00:00:00,116000
287,2014-03-01 00:00:00,1000
288,2013-05-30 00:00:00,728000
288,2013-08-30 00:00:00,566000
288,2013-11-30 00:00:00,366000
288,2014-03-01 00:00:00,627000
289,2012-05-30 00:00:00,1898000
289,2012-08-30 00:00:00,1262000
289,2012-11-30 00:00:00,938000
289,2013-02-28 00:00:00,1279000
289,2013-05-30 00:00:00,1506000
289,2013-08-30 00:00:00,1419000
289,2013-11-30 00:00:00,883000
289,2014-03-01 00:00:00,1329000
290,2012-05-30 00:00:00,593000
290,2012-08-30 00:00:00,409000
290,2012-11-30 00:00:00,217000
290,2013-02-28 00:00:00,404000
290,2013-05-30 00:00:00,1262000
290,2013-08-30 00:00:00,1057000
290,2013-11-30 00:00:00,707000
290,2014-03-01 00:00:00,908000
